product_mst_id,name,price,category,amount,store,publishment,language,date
1,Time and Methods in Environmental Interfaces Modelling,37.49,Environmental Science,373,StoreA,Spring,English,AA
2,Molecular Breeding and Nutritional Aspects of Buckwheat,37.49,"Agricultural, Biological, and Food Sciences",566,StoreA,Spring,English,AA
3,American Trypanosomiasis Chagas Disease (Second Edition),42.99,"Biochemistry, Genetics and Molecular Biology",263,StoreA,Spring,English,AA
4,Advanced and Emerging Polybenzoxazine Science and Technology,42.99,Chemical Engineering,249,StoreA,Spring,English,AA
5,Solar Energy Desalination Technology,42.99,Chemical Engineering,40,StoreA,Spring,English,AA
6,Handbook of Spent Hydroprocessing Catalysts (Second Edition),42.99,Chemical Engineering,405,StoreA,Spring,English,AA
7,Deep Learning for Medical Image Analysis,29.99,Computer Science,318,StoreC,Spring,English,AA
8,Integrating Emergency Management and Disaster Behavioral Health,29.99,Earth and Planetary Sciences,198,StoreC,Spring,English,AA
9,Shale Gas,38.99,Earth and Planetary Sciences,107,StoreC,Spring,English,AA
10,Databook of Plasticizers (Second Edition),38.99,Engineering,516,StoreA,Spring,English,AB
11,Databook of Plasticizers (Second Edition),38.99,Engineering,375,StoreB,Spring,English,AB
12,Databook of Plasticizers (Second Edition),38.99,Engineering,495,StoreC,Spring,English,AB
13,Rheology (Third Edition),49.99,Engineering,405,StoreB,Spring,English,AB
14,Environmental Management,17.99,Environmental Science,444,StoreB,Summer,English,AB
15,The China Business Model,36.99,Finance,503,StoreB,Summer,English,AB
16,Forensic Investigations,33.99,Forensics and Security,569,StoreB,Summer,English,AB
17,The Manager's Handbook for Corporate Security (Second Edition),33.99,Forensics and Security,328,StoreB,Summer,English,AB
18,Sports Travel Security,27.49,Forensics and Security,150,StoreA,Summer,English,AB
19,Robust Process Development and Scientific Molding (Second Edition),23.99,Materials Science,441,StoreA,Summer,Chinese,AB
20,"Riemannian Submersions, Riemannian Maps in Hermitian Geometry, and their Applications",9.39,Mathematics,104,StoreA,Summer,Chinese,AB
21,The Partition Method for a Power Series Expansion,14.99,Mathematics,45,StoreA,Summer,Chinese,AC
22,Sleep and Neurologic Disease,19.99,Neuroscience,229,StoreA,Summer,Chinese,AC
23,Applied Underwater Acoustics,29.99,Physics and Astronomy,65,StoreA,Summer,Chinese,AC
24,The Digestive Involvement in Systemic Autoimmune Diseases,29.99,Immunology and Microbiology,327,StoreB,Summer,Chinese,AC
25,Presenting an Effective and Dynamic Technical Paper,29.99,"Biochemistry, Genetics and Molecular Biology",519,StoreB,Summer,Chinese,AC
26,Discovery and Development of Antidiabetic Agents from Natural Products,24.99,Chemistry,163,StoreB,Summer,Chinese,AC
27,Practical Petroleum Geochemistry for Exploration and Production,14.99,Earth and Planetary Sciences,553,StoreB,Summer,Chinese,AC
28,"Social Network Analysis of Disaster Response, Recovery, and Adaptation",19.99,Earth and Planetary Sciences,44,StoreB,Summer,Chinese,AC
29,Introduction to Volcanic Seismology (Third Edition),15.49,Earth and Planetary Sciences,350,StoreB,Fall,Chinese,AC
30,Advances in Semiconductor Nanostructures,14.99,Physics and Astronomy,423,StoreB,Fall,Chinese,AC
31,Ecology and Evolution of Cancer,14.89,"Agricultural, Biological, and Food Sciences",138,StoreB,Fall,Chinese,AC
32,Multi-Scale Approaches in Drug Discovery,14.89,Chemistry,540,StoreB,Fall,Chinese,AC
33,Mobile Sensors and Context-Aware Computing,15.89,Computer Science,228,StoreB,Fall,Chinese,AC
34,Application Performance Management (APM) in the Digital Enterprise,14.99,Computer Science,362,StoreB,Fall,Chinese,AC
35,Advanced Persistent Security,18.99,Computer Science,177,StoreC,Fall,Chinese,AC
36,Managing the Web of Things,19.99,Computer Science,62,StoreC,Fall,Chinese,AC
37,Understanding the Bouguer Anomaly,29.99,Earth and Planetary Sciences,506,StoreC,Fall,Chinese,AC
38,Petroleum Production Engineering (Second Edition),9.69,Energy,455,StoreC,Fall,Chinese,AC
39,Forsthoffer's More Best Practices for Rotating Equipment,9.89,Engineering,197,StoreC,Fall,Chinese,AC
40,Discrete-Time Neural Observers,12.59,Engineering,496,StoreC,Winter,Chinese,AC
41,Plastics in Medical Devices for Cardiovascular Applications,7.89,Engineering,306,StoreC,Winter,English,AC
42,Topology Optimization in Engineering Structure Design,9.99,Engineering,502,StoreC,Winter,English,AC
43,Fractional Calculus and Fractional Processes with Applications to Financial Economics,8.99,Mathematics,462,StoreC,Winter,English,AC
44,Mathematics for Neuroscientists (Second Edition),7.79,Neuroscience,221,StoreC,Winter,English,AC
45,The Human Sciences after the Decade of the Brain,6.59,Neuroscience,232,StoreC,Winter,English,AC
46,"Emerging Nanotechnologies for Diagnostics, Drug Delivery and Medical Devices",8.79,"Pharmacology, Toxicology and Pharmaceutical Science",373,StoreC,Winter,English,AC
47,Genetics and Evolution of Infectious Diseases (Second Edition),15.99,"Biochemistry, Genetics and Molecular Biology",166,StoreC,Winter,English,AC
48,Materials Under Extreme Conditions,11.49,Chemical Engineering,527,StoreC,Winter,English,AC
49,Securing the Internet of Things,8.99,Computer Science,102,StoreA,Winter,English,AA
50,Geomorphology and Volcanology of Costa Rica,14.99,Earth and Planetary Sciences,461,StoreA,Winter,English,AA
51,Fundamentals and Applications of Supercritical Carbon Dioxide (sCO?? Based Power Cycles,43.99,Energy,148,StoreA,Winter,English,AA
52,Human Recognition in Unconstrained Environments,36.99,Engineering,181,StoreA,Winter,English,AA
53,Extrusion Dies for Plastics and Rubber (Fourth Edition),11.99,Engineering,441,StoreB,Winter,English,AA
54,Leadership and Management of Machining,10.59,Engineering,322,StoreB,Winter,English,AA
55,Handbook of Odors in Plastic Materials (Second Edition),11.99,Engineering,361,StoreB,Winter,English,AA
56,Handbook of Foaming and Blowing Agents,36.99,Engineering,154,StoreB,Winter,English,AA
57,Atlas of Material Damage (Second Edition),14.99,Engineering,225,StoreA,Winter,English,AA
58,"Methods in Stream Ecology, Volume 1 (Third Edition)",9.99,Environmental Science,167,StoreA,Winter,English,AA
59,Nanofiber Composites for Biomedical Applications,5.89,Materials Science,358,StoreA,Winter,English,AA
60,Biomechanics of Tendons and Ligaments,8.99,Materials Science,114,StoreA,Winter,English,AA
61,Developments in Surface Contamination and Cleaning: Methods for Surface Cleaning,10.99,Materials Science,457,StoreA,Winter,English,AA
62,Nanotechnology and Functional Materials for Engineers,6.99,Materials Science,USD,,,,
63,Uncertainties in GPS Positioning,5.99,Mathematics,USD,,,,
64,New Approaches of Protein Function Prediction from Protein Interaction Networks,23.99,Mathematics,USD,,,,
65,Innovative Neuromodulation,17.49,Neuroscience,USD,,,,
66,Medicinal Spices and Vegetables from Africa,15.59,"Pharmacology, Toxicology and Pharmaceutical Science",USD,,,,
67,Serum Pharmacochemistry of Traditional Chinese Medicine,29.99,"Pharmacology, Toxicology and Pharmaceutical Science",USD,,,,
68,Scholarly Communication at the Crossroads in China,17.99,Social Sciences,USD,,,,
69,Contested Memories in Chinese and Japanese Foreign Policy,19.99,Social Sciences,USD,,,,
70,Neuropsychiatric Disorders and Epigenetics,42.99,"Biochemistry, Genetics and Molecular Biology",USD,,,,
71,Green Construction Project Management and Cost Oversight,14.99,Engineering,USD,,,,
72,Pathologic Basis of Veterinary Disease (Sixth Edition),14.99,Veterinary Medicine,USD,,,,
73,Fish Diseases,8.99,"Agricultural, Biological, and Food Sciences",USD,,,,
74,"The Heart in Rheumatic, Autoimmune and Inflammatory Diseases",6.49,Biomedical Science and Medicine,USD,,,,
75,Modern Inorganic Synthetic Chemistry (Second Edition),10.89,Chemical Engineering,USD,,,,
76,Diffuse Algorithms for Neural and Neuro-Fuzzy Networks,13.99,Engineering,USD,,,,
77,Primer on Cerebrovascular Diseases (Second Edition),7.49,Neuroscience,USD,,,,
78,Stress and Epigenetics in Suicide,9.99,Neuroscience,USD,,,,
79,"{Progress in Heterocyclic Chemistry, Volume 28}",9.39,Chemistry,USD,,,,
80,High-Throughput Formulation Development of Biopharmaceuticals,10.99,"Biochemistry, Genetics and Molecular Biology",USD,,,,
81,Cereal Grains (Second Edition),14.79,"Agricultural, Biological, and Food Sciences",USD,,,,
82,The Teeth of Non-Mammalian Vertebrates,13.59,"Agricultural, Biological, and Food Sciences",USD,,,,
83,Insect Pests of Millets,12.79,"Agricultural, Biological, and Food Sciences",USD,,,,
84,The Coconut,5.79,"Agricultural, Biological, and Food Sciences",USD,,,,
85,Congenital and Acquired Bone Marrow Failure,5.99,Biomedical Science and Medicine,USD,,,,
86,Cushing's Disease,7.89,Biomedical Science and Medicine,USD,,,,
87,E-Health Two-Sided Markets,6.69,Biomedical Science and Medicine,USD,,,,
88,Solid Fuels and Heavy Hydrocarbon Liquids (Second Edition),9.99,Chemical Engineering,USD,,,,
89,Process Plant Layout (Second Edition),6.79,Chemical Engineering,USD,,,,
90,Life-Cycle Assessment of Biorefineries,5.89,Chemical Engineering,USD,,,,
91,Modern Synthesis Processes and Reactivity of Fluorinated Compounds,9.99,Chemistry,USD,,,,
92,FTTx Networks,7.99,Computer Science,USD,,,,
93,Advances in GPU Research and Practice,9.99,Computer Science,USD,,,,
94,Network Storage,10.69,Computer Science,USD,,,,
95,Software Defined Networks (Second Edition),6.48,Computer Science,USD,,,,
96,Federal Cloud Computing (Second Edition),12.69,Computer Science,USD,,,,
97,Big Data and Smart Service Systems,13.99,Computer Science,USD,,,,
98,Clean Energy for Sustainable Development,4.99,Energy,USD,,,,
99,Energy Positive Neighborhoods and Smart Energy Districts,9.69,Energy,USD,,,,
100,Cost-Effective Energy Efficient Building Retrofitting,13.99,Engineering,USD,,,,
101,Computing and Visualization for Intravascular Imaging and Computer-Assisted Stenting,13.99,Engineering,USD,,,,
102,The Wine Value Chain in China,13.99,Finance,USD,,,,
103,Immunopotentiators in Modern Vaccines (Second Edition),10.99,Immunology and Microbiology,USD,,,,
104,Ticks of Trinidad and Tobago - an Overview,6.49,Immunology and Microbiology,USD,,,,
105,Sustainable Construction Materials,7.79,Materials Science,USD,,,,
106,Mechanical Behaviors of Carbon Nanotubes,8.99,Materials Science,USD,,,,
107,Nanoscience and its Applications,32.99,Materials Science,USD,,,,
108,The Psychology of Gender and Health,32.99,Psychology,USD,,,,
109,The Political Economy of Business Ethics in East Asia,31.99,Social Sciences,USD,,,,
110,Successful Fundraising for the Academic Library,34.49,Social Sciences,USD,,,,
111,The Heart in Systemic Autoimmune Diseases,35.99,Immunology and Microbiology,USD,,,,
112,Pharmacology and Therapeutics for Dentistry (Seventh Edition),13.99,Health Professions,USD,,,,
113,Maxillofacial Surgery (Third Edition),16.99,Health Professions,USD,,,,
114,Case Studies in Clinical Cardiac Electrophysiology,14.99,Specialty Medicine,USD,,,,
115,Case Reviews in Ophthalmology (Second Edition),15.99,Specialty Medicine,USD,,,,
116,Kaufman's Clinical Neurology for Psychiatrists (Eighth Edition),5.99,Specialty Medicine,USD,,,,
117,Chronic Coronary Artery Disease,6.99,Specialty Medicine,USD,,,,
118,Cosmetic Facial Surgery (Second Edition),14.49,Specialty Surgery,USD,,,,
119,Applications in High Resolution Mass Spectrometry,8.99,"Agricultural, Biological, and Food Sciences",USD,,,,
120,Liver Pathophysiology,7.99,Biomedical Science and Medicine,USD,,,,
121,Cosmetic Science and Technology,8.99,Chemical Engineering,USD,,,,
122,Low Grade Heat Driven Multi-Effect Distillation and Desalination,9.89,Chemical Engineering,USD,,,,
123,America Invents Act Primer,13.99,Chemistry,USD,,,,
124,Cognitive Information Systems in Management Sciences,10.99,Computer Science,USD,,,,
125,Optimization in Renewable Energy Systems,15.99,Energy,USD,,,,
126,Heat Recovery Steam Generator Technology,15.99,Energy,USD,,,,
127,The Power Grid,12.99,Energy,USD,,,,
128,Statistical Techniques for Transportation Engineering,15.89,Engineering,USD,,,,
129,The Application of Green Solvents in Separation Processes,15.89,Environmental Science,USD,,,,
130,"Probability, Statistics and Econometrics",15.89,Finance,USD,,,,
131,Natural Fiber-Reinforced Biodegradable and Bioresorbable Polymer Composites,15.89,Materials Science,USD,,,,
132,Defect Structure and Properties of Nanomaterials (Second Edition),12.99,Materials Science,USD,,,,
133,Carbon Nanomaterials for Biological and Medical Applications,15.89,Materials Science,USD,,,,
134,Neural Data Science,9.99,Neuroscience,USD,,,,
135,Arrhythmia Essentials (Second Edition),9.99,Specialty Medicine,USD,,,,
136,Veterinary Medicine (Eleventh Edition),9.39,Veterinary Medicine,USD,,,,
137,Wine Tasting (Third Edition),9.39,"Agricultural, Biological, and Food Sciences",USD,,,,
138,Nutrition and Functional Foods for Healthy Aging,18.99,"Agricultural, Biological, and Food Sciences",USD,,,,
139,Rare and Interesting Cases in Pulmonary Medicine,20.99,Biomedical Science and Medicine,USD,,,,
140,NavelbineÂ® and TaxotereÂ®,9.39,Biomedical Science and Medicine,USD,,,,
141,Transition Metal-Catalyzed Benzofuran Synthesis,9.39,Chemistry,USD,,,,
142,Big Data Analytics for Sensor-Network Collected Intelligence,9.99,Computer Science,USD,,,,
143,A Generalized Framework of Linear Multivariable Control,9.99,Engineering,USD,,,,
144,Wheeled Mobile Robotics,9.99,Engineering,USD,,,,
145,Aerosol Filtration,9.99,Engineering,USD,,,,
146,Ticks of the Southern Cone of America,9.99,Immunology and Microbiology,USD,,,,
147,Green Composites (Second Edition),9.99,Materials Science,USD,,,,
148,Emerging Nanotechnologies in Rechargeable Energy Storage Systems,9.39,Materials Science,USD,,,,
149,Translational Immunotherapy of Brain Tumors,4.99,Neuroscience,USD,,,,
150,Twin Mythconceptions,4.89,Psychology,USD,,,,
151,Critical Care Neurology Part II,11.99,Neuroscience,USD,,,,
152,Critical Care Neurology Part I,7.49,Neuroscience,USD,,,,
153,Clinical Gynecologic Oncology (Ninth Edition),4.59,Specialty Medicine,USD,,,,
154,Hypertension: A Companion to Braunwald's Heart Disease (Third Edition),3.49,Specialty Medicine,USD,,,,
155,Operative Techniques: Hand and Wrist Surgery (Third Edition),9.49,Specialty Surgery,USD,,,,
156,Food Processing Technology (Fourth Edition),16.99,"Agricultural, Biological, and Food Sciences",USD,,,,
157,Egg Innovations and Strategies for Improvements,15.99,"Agricultural, Biological, and Food Sciences",USD,,,,
158,Gorilla Pathology and Health,14.49,"Agricultural, Biological, and Food Sciences",USD,,,,
159,The Vitamins (Fifth Edition),10.69,"Agricultural, Biological, and Food Sciences",USD,,,,
160,The Craft and Science of Coffee,19.99,"Agricultural, Biological, and Food Sciences",USD,,,,
161,The Norovirus,6.99,"Agricultural, Biological, and Food Sciences",USD,,,,
162,Biotic Stress Resistance in Millets,6.99,"Agricultural, Biological, and Food Sciences",USD,,,,
163,Nutraceutical and Functional Food Components,6.99,"Agricultural, Biological, and Food Sciences",USD,,,,
164,The Competitiveness of Tropical Agriculture,6.99,"Agricultural, Biological, and Food Sciences",USD,,,,
165,Olive Mill Waste,7.99,"Agricultural, Biological, and Food Sciences",USD,,,,
166,Electron Spin Resonance in Food Science,9.69,"Agricultural, Biological, and Food Sciences",USD,,,,
167,Forest Management and Planning (Second Edition),5.99,"Agricultural, Biological, and Food Sciences",USD,,,,
168,Validating Preventive Food Safety and Quality Controls,3.59,"Agricultural, Biological, and Food Sciences",USD,,,,
169,Translating Epigenetics to the Clinic,8.99,"Biochemistry, Genetics and Molecular Biology",USD,,,,
170,Modeling of Microscale Transport in Biological Processes,8.99,"Biochemistry, Genetics and Molecular Biology",USD,,,,
171,Progress and Challenges in Precision Medicine,2.99,"Biochemistry, Genetics and Molecular Biology",USD,,,,
172,Polycomb Group Proteins,3.29,"Biochemistry, Genetics and Molecular Biology",USD,,,,
173,Handbook of Supportive and Palliative Radiation Oncology,5.49,Biomedical Science and Medicine,USD,,,,
174,Introduction to Cancer Metastasis,3.39,Biomedical Science and Medicine,USD,,,,
175,The Microbiota in Gastrointestinal Pathophysiology,3.99,Biomedical Science and Medicine,USD,,,,
176,The Pituitary (Fourth Edition),5.49,Biomedical Science and Medicine,USD,,,,
177,Global Health Informatics,4.99,Biomedical Science and Medicine,USD,,,,
178,"Alcohol, Drugs, Genes and the Clinical Laboratory",4.39,Biomedical Science and Medicine,USD,,,,
179,Technologies for Biochemical Conversion of Biomass,6.59,Chemical Engineering,USD,,,,
180,Pulp and Paper Industry,3.49,Chemical Engineering,USD,,,,
181,Selection of the HPLC Method in Chemical Analysis,3.99,Chemistry,USD,,,,
182,Inorganic and Organometallic Transition Metal Complexes with Biological Molecules and Living Cells,3.99,Chemistry,USD,,,,
183,"Transition Metal Catalyzed Pyrimidine, Pyrazine, Pyridazine and Triazine Synthesis",9.99,Chemistry,USD,,,,
184,Parallel Programming with OpenACC,5.79,Computer Science,USD,,,,
185,Contextual Design (Second Edition),5.99,Computer Science,USD,,,,
186,Penetration Tester's Open Source Toolkit (Fourth Edition),5.79,Computer Science,USD,,,,
187,Rugged Embedded Systems,5.79,Computer Science,USD,,,,
188,Silicon Photonics,2.99,Computer Science,USD,,,,
189,Hacking Wireless Access Points,12.47,Computer Science,USD,,,,
190,Peering Carrier Ethernet Networks,6.79,Computer Science,USD,,,,
191,OCEB 2 Certification Guide (Second Edition),5.39,Computer Science,USD,,,,
192,Coding for Penetration Testers (Second Edition),5.79,Computer Science,USD,,,,
193,Evolution of Knowledge Science,6.79,Computer Science,USD,,,,
194,Lossless Information Hiding in Images,7.49,Computer Science,USD,,,,
195,Nickel Sulfide Ores and Impact Melts,6.99,Earth and Planetary Sciences,USD,,,,
196,Nuclear Power,6.99,Energy,USD,,,,
197,Deep Shale Oil and Gas,7.99,Energy,USD,,,,
198,Fluid Phase Behavior for Conventional and Unconventional Oil and Gas Reservoirs,7.59,Energy,USD,,,,
199,Steam Generation from Biomass,8.89,Energy,USD,,,,
200,Clean Coal Engineering Technology (Second Edition),8.49,Energy,USD,,,,
201,Solar Heating and Cooling Systems,8.99,Energy,USD,,,,
202,Power Electronics and Motor Drive Systems,6.99,Energy,USD,,,,
203,Specifications of Photovoltaic Pumping Systems in Agriculture,7.69,Energy,USD,,,,
204,Hydraulic Fracturing in Unconventional Reservoirs,5.99,Energy,USD,,,,
205,Power Supplies for LED Driving (Second Edition),6.49,Engineering,USD,,,,
206,Thermal Power Plant,5.69,Engineering,USD,,,,
207,Microgrid,7.99,Engineering,USD,,,,
208,Onshore Structural Design Calculations,7.39,Engineering,USD,,,,
209,Indoor Navigation Strategies for Aerial Autonomous Systems,9.99,Engineering,USD,,,,
210,Differential Transformation Method for Mechanical Engineering Problems,7.79,Engineering,USD,,,,
211,Ambient Assisted Living and Enhanced Living Environments,9.99,Engineering,USD,,,,
212,Petroleum Waste Treatment and Pollution Control,9.99,Engineering,USD,,,,
213,Thermal System Design and Simulation,9.99,Engineering,USD,,,,
214,High Dynamic Range Video,9.99,Engineering,USD,,,,
215,Solid and Hazardous Waste Management,8.39,Engineering,USD,,,,
216,Heat Transfer in Aerospace Applications,11.99,Engineering,USD,,,,
217,Optimization of Manufacturing Systems Using the Internet of Things,12.79,Engineering,USD,,,,
218,Intelligent Fault Diagnosis and Remaining Useful Life Prediction of Rotating Machinery,15.69,Engineering,USD,,,,
219,Permeability Properties of Plastics and Elastomers (Fourth Edition),8.49,Engineering,USD,,,,
220,Advanced Machining Processes of Metallic Materials (Second Edition),9.99,Engineering,USD,,,,
221,Microfabrication and Precision Engineering,11.99,Engineering,USD,,,,
222,Soil Magnetism,10.99,Environmental Science,USD,,,,
223,Strategic Financial Management Casebook,12.99,Finance,USD,,,,
224,Forensic Science Reform,11.99,Forensics and Security,USD,,,,
225,Security Metrics Management (Second Edition),12.69,Forensics and Security,USD,,,,
226,Effective Physical Security (Fifth Edition),6.99,Forensics and Security,USD,,,,
227,Contemporary Digital Forensic Investigations of Cloud and Mobile Applications,7.79,Forensics and Security,USD,,,,
228,The Psychology of Criminal and Antisocial Behavior,10.99,Forensics and Security,USD,,,,
229,Integrating Python with Leading Computer Forensics Platforms,11.99,Forensics and Security,USD,,,,
230,"Autophagy: Cancer, Other Pathologies, Inflammation, Immunity, Infection, and Aging",10.99,Immunology and Microbiology,USD,,,,
231,Functionalized Nanomaterials for the Management of Microbial Infection,14.99,Materials Science,USD,,,,
232,The Material Point Method,13.49,Mathematics,USD,,,,
233,Differential Equations with Mathematica (Fourth Edition),12.99,Mathematics,USD,,,,
234,Random Operator Theory,12.99,Mathematics,USD,,,,
235,Engineering Mathematics with Examples and Applications,10.99,Mathematics,USD,,,,
236,Handbook of Cannabis and Related Pathologies,8.97,Neuroscience,USD,,,,
237,DNA Modifications in the Brain,7.99,Neuroscience,USD,,,,
238,Stress: Neuroendocrinology and Neurobiology,7.49,Neuroscience,USD,,,,
239,Molecular and Cellular Therapies for Motor Neuron Diseases,6.39,Neuroscience,USD,,,,
240,Neuroprotection in Alzheimer's Disease,6.39,Neuroscience,USD,,,,
241,Parkinson's Disease,7.89,Neuroscience,USD,,,,
242,Physical Activity and the Aging Brain,11.99,Neuroscience,USD,,,,
243,Nutrition and Lifestyle in Neurological Autoimmune Diseases,9.99,Neuroscience,USD,,,,
244,Developing Solid Oral Dosage Forms (Second Edition),9.69,"Pharmacology, Toxicology and Pharmaceutical Science",USD,,,,
245,Microsized and Nanosized Carriers for Nonsteroidal Anti-Inflammatory Drugs,6.79,"Pharmacology, Toxicology and Pharmaceutical Science",USD,,,,
246,Analytical Assessment of E-Cigarettes,6.79,"Pharmacology, Toxicology and Pharmaceutical Science",USD,,,,
247,Reconstructing Meaning After Trauma,9.9,Psychology,USD,,,,
248,Creativity and the Performing Artist,17.99,Psychology,USD,,,,
249,Rationality,19.89,Psychology,USD,,,,
250,Anxiety in Children and Adolescents with Autism Spectrum Disorder,6.59,Psychology,USD,,,,
251,Dominance and Aggression in Humans and Other Animals,9.89,Psychology,USD,,,,
252,Explaining Suicide,9.99,Psychology,USD,,,,
253,Quality Activities in Center-Based Programs for Adults with Autism,7.99,Psychology,USD,,,,
254,A Practical Guide to Finding Treatments That Work for People with Autism,11.99,Psychology,USD,,,,
255,Flexible and Focused,7.49,Psychology,USD,,,,
256,Transliteracy in Complex Information Environments,9.49,Social Sciences,USD,,,,
257,Beyond Mentoring,7.99,Social Sciences,USD,,,,
258,Social Media in the Marketing Context,9.89,Social Sciences,USD,,,,
259,Capital Market Integration in South Asia,9.59,Social Sciences,USD,,,,
260,"Blumgart's Surgery of the Liver, Biliary Tract and Pancreas, 2-Volume Set (Sixth Edition)",6.69,Specialty Surgery,USD,,,,
261,Baking Problems Solved (Second Edition),5.99,"Agricultural, Biological, and Food Sciences",USD,,,,
262,Agricultural Systems (Second Edition),7.99,"Agricultural, Biological, and Food Sciences",USD,,,,
263,Nanotechnology Applications in Food,6.49,"Agricultural, Biological, and Food Sciences",USD,,,,
264,Emerging Nanotechnologies in Food Science,8.89,"Agricultural, Biological, and Food Sciences",USD,,,,
265,Practical Guide to Vegetable Oil Processing (Second Edition),7.89,"Agricultural, Biological, and Food Sciences",USD,,,,
266,Bioprinting,12.99,"Biochemistry, Genetics and Molecular Biology",USD,,,,
267,The HDL Handbook (Third Edition),8.99,Biomedical Science and Medicine,USD,,,,
268,Glycerol,9.99,Chemical Engineering,USD,,,,
269,Lead-Acid Batteries for Future Automobiles,9.79,Chemical Engineering,USD,,,,
270,Membrane Characterization,7.99,Chemical Engineering,USD,,,,
271,Supercritical Fluid Chromatography,6.56,Chemistry,USD,,,,
272,Usability Testing for Survey Research,7.99,Computer Science,USD,,,,
273,Designing User Interfaces for an Aging Population,6.99,Computer Science,USD,,,,
274,How to Become an International Disaster Volunteer,5.49,Earth and Planetary Sciences,USD,,,,
275,Strengthening of Concrete Structures using Fiber Reinforced Polymers (FRP),4.89,Engineering,USD,,,,
276,"Project Management, Planning and Control (Seventh Edition)",6.99,Engineering,USD,,,,
277,Aeroacoustics of Low Mach Number Flows,6.49,Engineering,USD,,,,
278,Global Supply Chain Security and Management,8.59,Forensics and Security,USD,,,,
279,Human Remains: Another Dimension,9.39,Forensics and Security,USD,,,,
280,The Innate Immune System,4.99,Immunology and Microbiology,USD,,,,
281,Applications of Nanofluid for Heat Transfer Enhancement,6.99,Materials Science,USD,,,,
282,Nanostructures for Novel Therapy,10.99,Materials Science,USD,,,,
283,Addictive Substances and Neurological Disease,4.99,Neuroscience,USD,,,,
284,Hearing Loss,7.99,Neuroscience,USD,,,,
285,Adverse Effects of Engineered Nanomaterials (Second Edition),5.99,"Pharmacology, Toxicology and Pharmaceutical Science",USD,,,,
286,Boundaries of Self and Reality Online,6.89,Psychology,USD,,,,
287,"Music, Passion, and Cognitive Function",7.49,Psychology,USD,,,,
288,Innovation in Public Libraries,7.99,Social Sciences,USD,,,,
289,Foodborne Diseases (Third Edition),5.59,"Agricultural, Biological, and Food Sciences",USD,,,,
290,New Pesticides and Soil Sensors,7.59,"Agricultural, Biological, and Food Sciences",USD,,,,
291,Water Purification,4.6,"Agricultural, Biological, and Food Sciences",USD,,,,
292,Nanobiosensors,6.79,"Agricultural, Biological, and Food Sciences",USD,,,,
293,Food Packaging,6.69,"Agricultural, Biological, and Food Sciences",USD,,,,
294,Conceptual Breakthroughs in Ethology and Animal Behavior,8.99,"Agricultural, Biological, and Food Sciences",USD,,,,
295,Translational Advances in Gynecologic Cancers,9.49,Biomedical Science and Medicine,USD,,,,
296,Theory of Electromagnetic Well Logging,7.99,Earth and Planetary Sciences,USD,,,,
297,"Origins of the Earth, Moon, and Life",9.29,Earth and Planetary Sciences,USD,,,,
298,Cellular Actuators,9.49,Engineering,USD,,,,
299,Soil Mechanics,10.99,Engineering,USD,,,,
300,Path Planning for Vehicles Operating in Uncertain 2D Environments,10.99,Engineering,USD,,,,
301,Creating Digital Faces for Law Enforcement,7.89,Forensics and Security,USD,,,,
302,Steels: Microstructure and Properties (Fourth Edition),7.69,Materials Science,USD,,,,
303,Plasma Etching Processes for CMOS Devices Realization,7.49,Materials Science,USD,,,,
304,Nutritional Modulators of Pain in the Aging Population,7.99,Neuroscience,USD,,,,
305,Increasing Intelligence,7.79,Neuroscience,USD,,,,
306,Pediatric Disorders of Regulation in Affect and Behavior (Second Edition),4.19,Psychology,USD,,,,
307,PCR Guru,8.99,"Biochemistry, Genetics and Molecular Biology",USD,,,,
308,Zakim and Boyer's Hepatology (Seventh Edition),10.99,Specialty Medicine,USD,,,,
309,Evidence-Based Physical Diagnosis (Fourth Edition),9.99,Specialty Medicine,USD,,,,
310,Pulmonary Pathology (Second Edition),11.79,Specialty Medicine,USD,,,,
311,Clinical Orthopaedic Rehabilitation: a Team Approach (Fourth Edition),7.49,Specialty Surgery,USD,,,,
312,Operative Techniques: Spine Surgery (Third Edition),11.79,Specialty Surgery,USD,,,,
313,"Oral, Head and Neck Oncology and Reconstructive Surgery",4.49,Health Professions,USD,,,,
314,Sedation,10.99,Health Professions,USD,,,,
315,Clinical Reasoning in Musculoskeletal Practice,12.99,Health Professions,USD,,,,
316,A Practical Guide to Fascial Manipulation,9.99,Health Professions,USD,,,,
317,"Liu, Volpe, and Galetta?™s Neuro-Ophthalmology",9.99,Specialty Medicine,USD,,,,
318,Plotkin's Vaccines,10.99,Specialty Medicine,USD,,,,
319,Hematology,10.69,Specialty Medicine,USD,,,,
320,Integrative Medicine,7.99,Specialty Medicine,USD,,,,
321,Gynecologic Pathology,5.99,Specialty Medicine,USD,,,,
322,Swaiman's Pediatric Neurology,7.99,Specialty Medicine,USD,,,,
323,Pathology of Melanocytic Tumors,7.79,Specialty Medicine,USD,,,,
324,Essential Echocardiography,8.99,Specialty Medicine,USD,,,,
325,Manual for Pulmonary and Critical Care Medicine,10.39,Specialty Medicine,USD,,,,
326,Nelson Pediatric Symptom-Based Diagnosis,8.99,Specialty Medicine,USD,,,,
327,Surgical Implantation of Cardiac Rhythm Devices,9.69,Specialty Medicine,USD,,,,
328,Atlas of Image-Guided Spinal Procedures,7.79,Specialty Medicine,USD,,,,
329,Goldberger's Clinical Electrocardiography,8.69,Specialty Medicine,USD,,,,
330,Principles and Practice of Pediatric Infectious Diseases,15.99,Specialty Medicine,USD,,,,
331,Cardiovascular Magnetic Resonance,8.99,Specialty Medicine,USD,,,,
332,Practical Hepatic Pathology: A Diagnostic Approach,8.99,Specialty Medicine,USD,,,,
333,Drugs for Pregnant and Lactating Women,4.29,Specialty Medicine,USD,,,,
334,Volpe's Neurology of the Newborn,6.99,Specialty Medicine,USD,,,,
335,Practical Pulmonary Pathology: A Diagnostic Approach,8.59,Specialty Medicine,USD,,,,
336,Obstetric Imaging: Expert Radiology,3.79,Specialty Medicine,USD,,,,
337,Diagnostic Pathology of Infectious Disease,9.69,Specialty Medicine,USD,,,,
338,Cardiac Electrophysiology: From Cell to Bedside,7.99,Specialty Medicine,USD,,,,
339,Practical Surgical Neuropathology: A Diagnostic Approach,9.59,Specialty Medicine,USD,,,,
340,The Interventional Cardiac Catheterization Handbook,3.49,Specialty Medicine,USD,,,,
341,Imaging in Pediatrics,8.99,Specialty Medicine,USD,,,,
342,Cardiology Secrets,10.99,Specialty Medicine,USD,,,,
343,Nephrology Secrets,3.39,Specialty Medicine,USD,,,,
344,Handbook of Liver Disease,3.69,Specialty Medicine,USD,,,,
345,Braddom?™s Rehabilitation Care: A Clinical Handbook,3.99,Specialty Medicine,USD,,,,
346,Interstitial Lung Disease,6.59,Specialty Medicine,USD,,,,
347,Textbook of Clinical Hemodynamics,10.99,Specialty Medicine,USD,,,,
348,Current Management of Diabetic Retinopathy,4.69,Specialty Medicine,USD,,,,
349,Drug Allergy Testing,11.99,Specialty Medicine,USD,,,,
350,Personalized Medicine in Asthma,8.99,Specialty Medicine,USD,,,,
351,Urgent Care Dermatology: Symptom-Based Diagnosis,7.59,Specialty Medicine,USD,,,,
352,Imaging in Spine Surgery,7.99,Specialty Medicine,USD,,,,
353,Pediatric Cancer Genetics,3.99,Specialty Medicine,USD,,,,
354,Handbook of Legal Medicine,4.69,Specialty Medicine,USD,,,,
355,Sarcoidosis: A Specialist?™s Guide,14.99,Specialty Medicine,USD,,,,
356,Heart Failure: Epidemiology and Research Methods,7.99,Specialty Medicine,USD,,,,
357,Practical Guide to Obesity Medicine,8.99,Specialty Medicine,USD,,,,
358,Music Therapy: Research and Evidence-Based Practice,12.99,Specialty Medicine,USD,,,,
359,Human Milk Composition,5.99,Specialty Medicine,USD,,,,
360,Skull Base Imaging,9.99,Specialty Medicine,USD,,,,
361,Lung Cancer: Evidence-Based Clinical Evaluation and Management,13.99,Specialty Medicine,USD,,,,
362,Challenging Neuropathic Pain Syndromes,6.85,Specialty Medicine,USD,,,,
363,PET/CT in Cancer: An Interdisciplinary Approach to Individualized Imaging,9.29,Specialty Medicine,USD,,,,
364,Arrhythmias in Adult Congenital Heart Disease,399.99,Specialty Medicine,USD,,,,
365,State-of-the-Art Treatment of Osteoarthritis: A Practical Guide,44.99,Specialty Medicine,USD,,,,
366,Peters' Atlas of Tropical Medicine and Parasitology,39.99,Specialty Medicine,USD,,,,
367,Essentials of Global Health,16.99,Specialty Medicine,USD,,,,
368,MacSween's Pathology of the Liver,39.99,Specialty Medicine,USD,,,,
369,Diagnosis and Management of Adult Congenital Heart Disease,79.99,Specialty Medicine,USD,,,,
370,Community Pharmacy,79.99,Specialty Medicine,USD,,,,
371,Aulton's Pharmaceutics,79.99,Specialty Medicine,USD,,,,
372,Medical Pharmacology and Therapeutics,74.99,Specialty Medicine,USD,,,,
373,Diagnostic Atlas of Cutaneous Mesenchymal Neoplasia,17.99,Specialty Medicine,USD,,,,
374,Disorders of the Rotator Cuff and Biceps Tendon,79.99,Specialty Surgery,USD,,,,
375,Neurocritical Care Management of the Neurosurgical Patient,28.99,Specialty Surgery,USD,,,,
376,Master Techniques in Facial Rejuvenation,39.99,Specialty Surgery,USD,,,,
377,The Anterior Cruciate Ligament,79.99,Specialty Surgery,USD,,,,
378,Aesthetic Surgery Techniques,109.99,Specialty Surgery,USD,,,,
379,Principles of Gynecologic Oncology Surgery,11.89,Specialty Surgery,USD,,,,
380,Principles of Neurological Surgery,9.79,Specialty Surgery,USD,,,,
381,Operative Techniques: Knee Surgery,10.49,Specialty Surgery,USD,,,,
382,Total Burn Care,10.59,Specialty Surgery,USD,,,,
383,Lumbar Interbody Fusions,12.99,Specialty Surgery,USD,,,,
384,Abernathy's Surgical Secrets,9.79,Specialty Surgery,USD,,,,
385,Pediatric Head and Neck Masses,10.99,Specialty Surgery,USD,,,,
386,Scaphoid Fractures: Evidence-Based Management,9.79,Specialty Surgery,USD,,,,
387,Functional Neurosurgery and Neuromodulation,9.59,Specialty Surgery,USD,,,,
388,Rebhun's Diseases of Dairy Cattle,9.89,Veterinary Medicine,USD,,,,
389,Equine Internal Medicine,9.99,Veterinary Medicine,USD,,,,
390,Exotic Animal Formulary,9.39,Veterinary Medicine,USD,,,,
391,Textbook of Veterinary Diagnostic Radiology,8.79,Veterinary Medicine,USD,,,,
392,Small Animal Medical Differential Diagnosis,6.99,Veterinary Medicine,USD,,,,
393,Soil Science Test Project,10.39,"Agricultural, Biological, and Food Sciences",USD,,,,
394,Modern Detection Techniques for Food Safety and Quality,9.99,"Agricultural, Biological, and Food Sciences",USD,,,,
395,Sweet potato processing technology,7.79,"Agricultural, Biological, and Food Sciences",USD,,,,
396,Food Biosynthesis,10.59,"Agricultural, Biological, and Food Sciences",USD,,,,
397,Food Bioconversion,11.49,"Agricultural, Biological, and Food Sciences",USD,,,,
398,Soft Chemistry in Food Fermentation,8.99,"Agricultural, Biological, and Food Sciences",USD,,,,
399,Ingredients Extraction by Physico-Chemical Methods,5.99,"Agricultural, Biological, and Food Sciences",USD,,,,
400,ISTE topics in Agriculture 1,5.89,"Agricultural, Biological, and Food Sciences",USD,,,,
401,A Practical Guide to Sensory and Consumer Evaluation,5.99,"Agricultural, Biological, and Food Sciences",USD,,,,
402,Kent?™s Technology of Cereals,7.59,"Agricultural, Biological, and Food Sciences",USD,,,,
403,New Aspects of Meat Quality,9.99,"Agricultural, Biological, and Food Sciences",USD,,,,
404,Chemical Contaminants and Residues in Food,11.99,"Agricultural, Biological, and Food Sciences",USD,,,,
405,Regulatory Impact on Food Product Development in the European Union,9.99,"Agricultural, Biological, and Food Sciences",USD,,,,
406,LawrieÂ´s Meat Science,10.99,"Agricultural, Biological, and Food Sciences",USD,,,,
407,Advances in Sheep Welfare,11.99,"Agricultural, Biological, and Food Sciences",USD,,,,
408,Improving the Sensory and Nutritional Quality of Fresh Meat,14.99,"Agricultural, Biological, and Food Sciences",USD,,,,
409,Proteins in Food Processing,13.49,"Agricultural, Biological, and Food Sciences",USD,,,,
410,Poultry Quality Evaluation,13.99,"Agricultural, Biological, and Food Sciences",USD,,,,
411,Food Microstructure and Its Relationship with Quality and Stability,14.79,"Agricultural, Biological, and Food Sciences",USD,,,,
412,Case Studies in Novel Food Processing Technologies,11.99,"Agricultural, Biological, and Food Sciences",USD,,,,
413,Gluten-Free Ancient Grains,21.49,"Agricultural, Biological, and Food Sciences",USD,,,,
414,Starch in Food,12.99,"Agricultural, Biological, and Food Sciences",USD,,,,
415,Advances in Poultry Welfare,13.99,"Agricultural, Biological, and Food Sciences",USD,,,,
416,Soft Drink and Fruit Juice Problems Solved,13.79,"Agricultural, Biological, and Food Sciences",USD,,,,
417,"Foods, Nutrients and Food Ingredients with Authorised EU Health Claims, Volume 3",15.49,"Agricultural, Biological, and Food Sciences",USD,,,,
418,Advances in Cattle Welfare,15.49,"Agricultural, Biological, and Food Sciences",USD,,,,
419,Consumer Science and Strategic Marketing: Case Studies in the Wine Industry,15.99,"Agricultural, Biological, and Food Sciences",USD,,,,
420,Sensory Panel Management,16.49,"Agricultural, Biological, and Food Sciences",USD,,,,
421,Consumer Science and Strategic Marketing,13.59,"Agricultural, Biological, and Food Sciences",USD,,,,
422,Discrimination Testing in Sensory Science,16.99,"Agricultural, Biological, and Food Sciences",USD,,,,
423,Advances in Pig Welfare,15.89,"Agricultural, Biological, and Food Sciences",USD,,,,
424,Advances in Agricultural Animal Welfare,20.99,"Agricultural, Biological, and Food Sciences",USD,,,,
425,"Methods in Consumer Research, Volume 2",16.99,"Agricultural, Biological, and Food Sciences",USD,,,,
426,"Methods in Consumer Research, Volume 1",14.89,"Agricultural, Biological, and Food Sciences",USD,,,,
427,Food Freezing and Frozen Food Storage,19.99,"Agricultural, Biological, and Food Sciences",USD,,,,
428,Recognition Systems,12.99,"Agricultural, Biological, and Food Sciences",USD,,,,
429,Cheese,19.99,"Agricultural, Biological, and Food Sciences",USD,,,,
430,Introduction to Food Toxicology,16.49,"Agricultural, Biological, and Food Sciences",USD,,,,
431,Enzymes,25.99,"Agricultural, Biological, and Food Sciences",USD,,,,
432,Genomics in Food Safety,16.99,"Agricultural, Biological, and Food Sciences",USD,,,,
433,The Edible Aroids,19.99,"Agricultural, Biological, and Food Sciences",USD,,,,
434,Fruit Juices,17.99,"Agricultural, Biological, and Food Sciences",USD,,,,
435,Sustainable Management of Arthropod Pests of Tomato,13.99,"Agricultural, Biological, and Food Sciences",USD,,,,
436,Food Fortification in a Globalized World,27.99,"Agricultural, Biological, and Food Sciences",USD,,,,
437,Nutrition in the Prevention and Treatment of Disease,18.99,"Agricultural, Biological, and Food Sciences",USD,,,,
438,Biology of Oysters,14.99,"Agricultural, Biological, and Food Sciences",USD,,,,
439,The Biology and Conservation of the Whooping Crane (Grus americana),10.99,"Agricultural, Biological, and Food Sciences",USD,,,,
440,Phytotherapy in Aquaculture,15.69,"Agricultural, Biological, and Food Sciences",USD,,,,
441,"Biofuels, Bioenergy and Food Security",43.99,"Agricultural, Biological, and Food Sciences",USD,,,,
442,Incorporating Cultures' Role in the Food and Agricultural Sciences,39.99,"Agricultural, Biological, and Food Sciences",USD,,,,
443,Vegetarian and Plant Based Diets in Health and Disease Prevention,19.99,"Agricultural, Biological, and Food Sciences",USD,,,,
444,Proteomics in Food Science,29.99,"Agricultural, Biological, and Food Sciences",USD,,,,
445,The Biology and Conservation of Cheetahs,15.99,"Agricultural, Biological, and Food Sciences",USD,,,,
446,Functional Diversity of Mycorrhiza and Sustainable Agriculture,15.49,"Agricultural, Biological, and Food Sciences",USD,,,,
447,Encyclopedia of Marine Mammals,49.99,"Agricultural, Biological, and Food Sciences",USD,,,,
448,Nature's Machines,12.99,"Agricultural, Biological, and Food Sciences",USD,,,,
449,Ultrasound: Advances for Food Processing and Preservation,14.49,"Agricultural, Biological, and Food Sciences",USD,,,,
450,Controlled and Modified Atmosphere for Fresh and Fresh-Cut Produce,14.99,"Agricultural, Biological, and Food Sciences",USD,,,,
451,The Bifidobacteria and Related Organisms,11.99,"Agricultural, Biological, and Food Sciences",USD,,,,
452,Myxomycetes,12.99,"Agricultural, Biological, and Food Sciences",USD,,,,
453,Yogurt in Health and Disease Prevention,11.99,"Agricultural, Biological, and Food Sciences",USD,,,,
454,Physiology of the Cladocera,13.99,"Agricultural, Biological, and Food Sciences",USD,,,,
455,Animals and Human Society,10.99,"Agricultural, Biological, and Food Sciences",USD,,,,
456,Pathology of Zoo and Wild Animals,104.99,"Agricultural, Biological, and Food Sciences",USD,,,,
457,High Throughput Next Generation Sequence Analysis for Food Microbiologists,26.99,"Agricultural, Biological, and Food Sciences",USD,,,,
458,"Arthropod Vector: Controller of Disease Transmission, Volume 1",16.99,"Agricultural, Biological, and Food Sciences",USD,,,,
459,Mixed-Species Groups of Animals,38.99,"Agricultural, Biological, and Food Sciences",USD,,,,
460,Multifunctional Agriculture,10.99,"Agricultural, Biological, and Food Sciences",USD,,,,
461,"Arthropod Vector: Controller of Disease Transmission, Volume 2",13.99,"Agricultural, Biological, and Food Sciences",USD,,,,
462,The Future Rice Strategy for India,12.99,"Agricultural, Biological, and Food Sciences",USD,,,,
463,Conservation for the Anthropocene Ocean,8.99,"Agricultural, Biological, and Food Sciences",USD,,,,
464,Micronutrients in Human Health,8.79,"Agricultural, Biological, and Food Sciences",USD,,,,
465,Immunity and Inflammation in Health and Disease,12.99,"Agricultural, Biological, and Food Sciences",USD,,,,
466,Enzymes in Human and Animal Nutrition,8.99,"Agricultural, Biological, and Food Sciences",USD,,,,
467,FDA Warning Letters about Food Products,14.79,"Agricultural, Biological, and Food Sciences",USD,,,,
468,Sexual Biology and Reproduction in Crustaceans,9.99,"Agricultural, Biological, and Food Sciences",USD,,,,
469,Examining Ecology,10.69,"Agricultural, Biological, and Food Sciences",USD,,,,
470,Nutritional and Health Aspects of Traditional and Ethnic Foods of Nordic Countries,12.39,"Agricultural, Biological, and Food Sciences",USD,,,,
471,Bioactive Polysaccharides,9.99,"Agricultural, Biological, and Food Sciences",USD,,,,
472,Unconventional Oilseeds and Oil Sources,11.99,"Agricultural, Biological, and Food Sciences",USD,,,,
473,Wafer and Waffle Processing and Manufacturing,12.99,"Agricultural, Biological, and Food Sciences",USD,,,,
474,Starch-based Materials in Food Packaging,14.49,"Agricultural, Biological, and Food Sciences",USD,,,,
475,Starches for Food Application,10.99,"Agricultural, Biological, and Food Sciences",USD,,,,
476,#NAME?,15.99,"Agricultural, Biological, and Food Sciences",USD,,,,
477,Fatty Acids,12.99,"Agricultural, Biological, and Food Sciences",USD,,,,
478,Staphylococcus Aureus,11.99,"Agricultural, Biological, and Food Sciences",USD,,,,
479,Nanoencapsulation of Food Bioactive Ingredients,10.59,"Agricultural, Biological, and Food Sciences",USD,,,,
480,Nutrients in Dairy and Their Implications on Health and Disease,9.99,"Agricultural, Biological, and Food Sciences",USD,,,,
481,Preharvest Modulation of Postharvest Fruit and Vegetable Quality,11.89,"Agricultural, Biological, and Food Sciences",USD,,,,
482,Dairy in Human Health and Disease Across the Lifespan,11.99,"Agricultural, Biological, and Food Sciences",USD,,,,
483,Handbook of Grape Processing By-Products,8.79,"Agricultural, Biological, and Food Sciences",USD,,,,
484,Ethnozoology,9.99,"Agricultural, Biological, and Food Sciences",USD,,,,
485,Hazard Analysis and Risk Based Preventative Controls,13.39,"Agricultural, Biological, and Food Sciences",USD,,,,
486,Smart Technologies for Sustainable Smallholder Agriculture,9.99,"Agricultural, Biological, and Food Sciences",USD,,,,
487,"Irradiation for Quality Improvement, Microbial Safety and Phytosanitation of Fresh Produce",10.99,"Agricultural, Biological, and Food Sciences",USD,,,,
488,Innovative Technologies for Food Preservation,12.49,"Agricultural, Biological, and Food Sciences",USD,,,,
489,Why Penguins Communicate,13.39,"Agricultural, Biological, and Food Sciences",USD,,,,
490,Hazard Analysis and Risk Based Preventive Controls,10.59,"Agricultural, Biological, and Food Sciences",USD,,,,
491,Plant Macro-Nutrient Use Efficiency,10.59,"Agricultural, Biological, and Food Sciences",USD,,,,
492,Food Bioconversion,11.29,"Agricultural, Biological, and Food Sciences",USD,,,,
493,Hormone Metabolism and Signaling in Plants,13.99,"Agricultural, Biological, and Food Sciences",USD,,,,
494,Climate Change Impacts on Soil Processes and Ecosystem Properties,7.89,"Agricultural, Biological, and Food Sciences",USD,,,,
495,Process Control,9.59,"Agricultural, Biological, and Food Sciences",USD,,,,
496,Immunosensing for Detection of Protein Biomarkers,10.99,"Biochemistry, Genetics and Molecular Biology",USD,,,,
497,Ion Channels in Health and Disease,9.99,"Biochemistry, Genetics and Molecular Biology",USD,,,,
498,Boorman's Pathology of the Rat,13.99,"Biochemistry, Genetics and Molecular Biology",USD,,,,
499,Genomic and Precision Medicine,9.99,"Biochemistry, Genetics and Molecular Biology",USD,,,,
500,Epigenetics and Behavior,13.79,"Biochemistry, Genetics and Molecular Biology",USD,,,,
501,Viroids and Satellites,7.89,"Biochemistry, Genetics and Molecular Biology",USD,,,,
502,Genomic and Precision Medicine,13.89,"Biochemistry, Genetics and Molecular Biology",USD,,,,
503,Neural Lipid Signalling,12.49,"Biochemistry, Genetics and Molecular Biology",USD,,,,
504,Developmental and Regenerative Biology,12.89,"Biochemistry, Genetics and Molecular Biology",USD,,,,
505,Cell Polarity in Development and Disease,9.99,"Biochemistry, Genetics and Molecular Biology",USD,,,,
506,Biology and Engineering of Stem Cell Niches,10.69,"Biochemistry, Genetics and Molecular Biology",USD,,,,
507,Diagnostic Molecular Biology,11.79,"Biochemistry, Genetics and Molecular Biology",USD,,,,
508,Translational Aspects of Extracellular Matrix,10.99,"Biochemistry, Genetics and Molecular Biology",USD,,,,
509,Epigenetics and Systems Biology,10.49,"Biochemistry, Genetics and Molecular Biology",USD,,,,
510,Viruses,13.99,"Biochemistry, Genetics and Molecular Biology",USD,,,,
511,Nuclear Architecture and Dynamics,10.99,"Biochemistry, Genetics and Molecular Biology",USD,,,,
512,Regenerative Medicine Translation,7.99,"Biochemistry, Genetics and Molecular Biology",USD,,,,
513,Medical Biochemistry,11.59,"Biochemistry, Genetics and Molecular Biology",USD,,,,
514,Computational Epigenomics and Disease,11.99,"Biochemistry, Genetics and Molecular Biology",USD,,,,
515,Cytokine Effector Functions in Tissues,19.79,"Biochemistry, Genetics and Molecular Biology",USD,,,,
516,Long Noncoding RNAs,20.49,"Biochemistry, Genetics and Molecular Biology",USD,,,,
517,The Human Body,19.99,"Biochemistry, Genetics and Molecular Biology",USD,,,,
518,Nitric Oxide,36.79,"Biochemistry, Genetics and Molecular Biology",USD,,,,
519,ReSearch,17.69,"Biochemistry, Genetics and Molecular Biology",USD,,,,
520,Gnotobiotics,15.99,"Biochemistry, Genetics and Molecular Biology",USD,,,,
521,RNA Methodologies,21.49,"Biochemistry, Genetics and Molecular Biology",USD,,,,
522,The European Research Management Handbook,17.79,"Biochemistry, Genetics and Molecular Biology",USD,,,,
523,Protein NMR Spectroscopy,9.99,"Biochemistry, Genetics and Molecular Biology",USD,,,,
524,Handbook of Epigenetics,19.99,"Biochemistry, Genetics and Molecular Biology",USD,,,,
525,"An Introduction to Ethical, Safety and Intellectual Property Rights Issues in Biotechnology",18.59,"Biochemistry, Genetics and Molecular Biology",USD,,,,
526,Animal Models for the Study of Human Disease,19.99,"Biochemistry, Genetics and Molecular Biology",USD,,,,
527,Electrocardiography of Laboratory Animals,16.49,"Biochemistry, Genetics and Molecular Biology",USD,,,,
528,Dyneins,15.99,"Biochemistry, Genetics and Molecular Biology",USD,,,,
529,Dyneins,21.89,"Biochemistry, Genetics and Molecular Biology",USD,,,,
530,Epigenetic Mechanisms in Cancer,16.99,"Biochemistry, Genetics and Molecular Biology",USD,,,,
531,Problem Sets Series: Case Studies in Biochemistry,18.99,"Biochemistry, Genetics and Molecular Biology",USD,,,,
532,Glyceraldehyde-3-Phosphate Dehydrogenase (GAPDH),16.99,"Biochemistry, Genetics and Molecular Biology",USD,,,,
533,HIV/AIDS,17.69,"Biochemistry, Genetics and Molecular Biology",USD,,,,
534,Bioinformatics for Beginners,16.89,"Biochemistry, Genetics and Molecular Biology",USD,,,,
535,Gas Bubble Dynamics in the Human Body,15.79,"Biochemistry, Genetics and Molecular Biology",USD,,,,
536,Cancer and Noncoding RNAs,17.49,"Biochemistry, Genetics and Molecular Biology",USD,,,,
537,Retrovirus-Cell Interactions,18.89,"Biochemistry, Genetics and Molecular Biology",USD,,,,
538,Mucosal Vaccines,16.99,"Biochemistry, Genetics and Molecular Biology",USD,,,,
539,"Cell Surface GRP78, a New Paradigm in Signal Transduction Biology",14.79,"Biochemistry, Genetics and Molecular Biology",USD,,,,
540,It's in Your DNA,16.59,"Biochemistry, Genetics and Molecular Biology",USD,,,,
541,High Throughput Bioanalytical Sample Preparation,10.79,"Biochemistry, Genetics and Molecular Biology",USD,,,,
542,Nanoemulsions,18.99,Biomedical Science and Medicine,USD,,,,
543,Atlas of Comparative Vertebrate Histology,6.59,Biomedical Science and Medicine,USD,,,,
544,Laboratory Exercises in Molecular Pathology,11.99,Biomedical Science and Medicine,USD,,,,
545,An Introduction to Cardiovascular Therapy,9.99,Biomedical Science and Medicine,USD,,,,
546,"Kidney Transplantation, Bioengineering and Regeneration",9.99,Biomedical Science and Medicine,USD,,,,
547,Back to Basics In Physiology,11.99,Biomedical Science and Medicine,USD,,,,
548,The Contribution of Pathology and Laboratory Medicine to Clinical Informatics,12.69,Biomedical Science and Medicine,USD,,,,
549,Heart Failure in the in the Child and Young Adult,15.99,Biomedical Science and Medicine,USD,,,,
550,Advances in Brain Cancer for Clinicians and Scientists,9.49,Biomedical Science and Medicine,USD,,,,
551,Molecular Pathology,21.49,Biomedical Science and Medicine,USD,,,,
552,Biomarkers in Inborn Errors of Metabolism,16.49,Biomedical Science and Medicine,USD,,,,
553,Comparative Anatomy and Histology,10.49,Biomedical Science and Medicine,USD,,,,
554,Think Like a Biostatistics Analyst,22.99,Biomedical Science and Medicine,USD,,,,
555,Clinical Informatics Literacy,11.49,Biomedical Science and Medicine,USD,,,,
556,Textbook of Nephro-Endocrinology,13.99,Biomedical Science and Medicine,USD,,,,
557,Endocrine Biomarkers,11.99,Biomedical Science and Medicine,USD,,,,
558,Principles of Gender-Specific Medicine,34.99,Biomedical Science and Medicine,USD,,,,
559,Lung Epithelial Biology in the Pathogenesis of Pulmonary Disease,13.99,Biomedical Science and Medicine,USD,,,,
560,Ethical Challenges in Oncology,10.49,Biomedical Science and Medicine,USD,,,,
561,Alpha-1-antitrypsin Deficiency,10.39,Biomedical Science and Medicine,USD,,,,
562,"Transfusion Medicine, Apheresis, and Hemostasis",19.99,Biomedical Science and Medicine,USD,,,,
563,Cutaneous Melanoma,9.99,Biomedical Science and Medicine,USD,,,,
564,Genetics of Bone Biology and Skeletal Disease,11.99,Biomedical Science and Medicine,USD,,,,
565,Case Studies in Physiology,13.89,Biomedical Science and Medicine,USD,,,,
566,Chronic Kidney Disease in Disadvantaged Populations,23.49,Biomedical Science and Medicine,USD,,,,
567,Translational Bioinformatics and Systems Biology Methods for Personalized Medicine,34.99,Biomedical Science and Medicine,USD,,,,
568,Case Studies in Public Health,16.49,Biomedical Science and Medicine,USD,,,,
569,Omics Technologies and Bio-engineering,8.99,Biomedical Science and Medicine,USD,,,,
570,Surgical Treatment of Atrial Fibrillation,12.99,Biomedical Science and Medicine,USD,,,,
571,Research in the Biomedical Sciences,15.49,Biomedical Science and Medicine,USD,,,,
572,Dietary Fiber for the Prevention of Cardiovascular Disease,18.49,Biomedical Science and Medicine,USD,,,,
573,Microbiology and Molecular Diagnosis in Pathology,38.99,Biomedical Science and Medicine,USD,,,,
574,"Health Professionals' Education in the Age of Clinical Information Systems, Mobile Computing and Social Networks",14.99,Biomedical Science and Medicine,USD,,,,
575,Gastrointestinal Tissue,18.99,Biomedical Science and Medicine,USD,,,,
576,Nitric Oxide Donors,19.99,Biomedical Science and Medicine,USD,,,,
577,Disaster Epidemiology,15.69,Biomedical Science and Medicine,USD,,,,
578,Pouchitis and Ileal Pouch Disorders,14.49,Biomedical Science and Medicine,USD,,,,
579,Atlas of the Human Body,15.99,Biomedical Science and Medicine,USD,,,,
580,Human Genome Informatics,14.79,Biomedical Science and Medicine,USD,,,,
581,Key Advances in Clinical Informatics,13.69,Biomedical Science and Medicine,USD,,,,
582,Blanco's Overview of Alpha-1 Antitrypsin Deficiency,19.99,Biomedical Science and Medicine,USD,,,,
583,Molecular Physiology of the Blood Vessel,16.49,Biomedical Science and Medicine,USD,,,,
584,Health Reform Policy to Practice,16.89,Biomedical Science and Medicine,USD,,,,
585,"GERD: A NEW UNDERSTANDING OF PATHOLOGY, PATHOPHYSIOLOGY, AND TREATMENT",28.59,Biomedical Science and Medicine,USD,,,,
586,Manual of Coronary Chronic Total Occlusion Interventions,17.99,Biomedical Science and Medicine,USD,,,,
587,Bladder Cancer,16.49,Biomedical Science and Medicine,USD,,,,
588,Vitamin D,29.99,Biomedical Science and Medicine,USD,,,,
589,Vitamin D,17.99,Biomedical Science and Medicine,USD,,,,
590,Medical Writing and Editing,16.49,Biomedical Science and Medicine,USD,,,,
591,New Approaches to the Aortic Disease from Valve to Abdominal Bifurcation,22.99,Biomedical Science and Medicine,USD,,,,
592,Lifestyle Medicine,16.99,Biomedical Science and Medicine,USD,,,,
593,The Complete Reference for Scimitar Syndrome,26.99,Biomedical Science and Medicine,USD,,,,
594,Skin Tissue Models for Regenerative Medicine,22.99,Biomedical Science and Medicine,USD,,,,
595,Value of Diagnostic Imaging,14.89,Biomedical Science and Medicine,USD,,,,
596,Nitric Oxide as a Chemosensitizing Agent,16.99,Biomedical Science and Medicine,USD,,,,
597,Wilson Disease,10.69,Biomedical Science and Medicine,USD,,,,
598,The Prevention of Cardiovascular Disease through The Mediterranean Diet,13.99,Biomedical Science and Medicine,USD,,,,
599,Data Literacy,16.79,Biomedical Science and Medicine,USD,,,,
600,Congenital Adrenal Hyperplasia,11.99,Biomedical Science and Medicine,USD,,,,
601,International Gender Specific Medicine,13.99,Biomedical Science and Medicine,USD,,,,
602,Coronary Artery Disease,11.99,Biomedical Science and Medicine,USD,,,,
603,Early Warning for Infectious Disease Outbreak,13.99,Biomedical Science and Medicine,USD,,,,
604,Role of Nutraceuticals in Chemoresistance to Cancer,18.49,Biomedical Science and Medicine,USD,,,,
605,Understanding the Complexities of Child Growth,19.49,Biomedical Science and Medicine,USD,,,,
606,Development of rFVIIa,10.69,Biomedical Science and Medicine,USD,,,,
607,Thyroid Cancer and Nuclear Accidents,14.69,Biomedical Science and Medicine,USD,,,,
608,Biopharmaceutical Management,19.99,Biomedical Science and Medicine,USD,,,,
609,Pharmacoepidemiology and Pharmacovigilance,15.99,Biomedical Science and Medicine,USD,,,,
610,Signals and Systems in e-Health,9.49,Biomedical Science and Medicine,USD,,,,
611,New Health Systems,10.89,Biomedical Science and Medicine,USD,,,,
612,Transposable Elements and RNA,13.49,Biomedical Science and Medicine,USD,,,,
613,Looking at Ribozymes,9.39,Biomedical Science and Medicine,USD,,,,
614,Statistical Mechanics of Colloidal Matter,10.69,Chemical Engineering,USD,,,,
615,Coalescence Separations,9.69,Chemical Engineering,USD,,,,
616,Recrystallization and Related Annealing Phenomena,10.49,Chemical Engineering,USD,,,,
617,Biopharmaceutical Processing,8.49,Chemical Engineering,USD,,,,
618,Theory of Electrophoresis and Diffusiophoresis of Highly Charged Colloidal Particles,14.89,Chemical Engineering,USD,,,,
619,Bretherick's Handbook of Reactive Chemical Hazards,9.99,Chemical Engineering,USD,,,,
620,Coulson and Richardson?™s Chemical Engineering,10.99,Chemical Engineering,USD,,,,
621,Coulson and Richardson?™s Chemical Engineering,9.99,Chemical Engineering,USD,,,,
622,Coulson and Richardson?™s Chemical Engineering,11.69,Chemical Engineering,USD,,,,
623,Coulson and Richardson?™s Chemical Engineering,8.89,Chemical Engineering,USD,,,,
624,Coulson and Richardson?™s Chemical Engineering,11.99,Chemical Engineering,USD,,,,
625,Process Safety Calculations,8.49,Chemical Engineering,USD,,,,
626,"Reliability, Maintainability and Risk",6.79,Chemical Engineering,USD,,,,
627,Reaction Engineering,10.99,Chemical Engineering,USD,,,,
628,The Science and Technology of Unconventional Oils,9.99,Chemical Engineering,USD,,,,
629,Recent Advances in Emerging Membrane Science and Technology,33.99,Chemical Engineering,USD,,,,
630,"Thermodynamics, Phase Diagrams and Thermodynamic Modeling of Solutions",10.89,Chemical Engineering,USD,,,,
631,Self-Assembly Processes at Interfaces,10.39,Chemical Engineering,USD,,,,
632,Novel Catalytic and Separation Processes Based on Ionic Liquids,12.99,Chemical Engineering,USD,,,,
633,Natech Risk Assessment and Management,12.49,Chemical Engineering,USD,,,,
634,Polyurethane Polymers,11.89,Chemical Engineering,USD,,,,
635,Polyurethane Polymers,9.69,Chemical Engineering,USD,,,,
636,Anisotropic Particle Assemblies,7.89,Chemical Engineering,USD,,,,
637,Lignocellulosics,15.79,Chemical Engineering,USD,,,,
638,Concise Encyclopedia of Self-Propagating High-Temperature Synthesis,14.79,Chemical Engineering,USD,,,,
639,A Systems Approach to Managing the Complexities of Process Industries,12.79,Chemical Engineering,USD,,,,
640,The Art of Cryogenics,15.79,Chemical Engineering,USD,,,,
641,"Morphological, Compositional, and Shape Control of Materials for Catalysis",12.69,Chemical Engineering,USD,,,,
642,Purification of Laboratory Chemicals,15.89,Chemical Engineering,USD,,,,
643,Desalination Sustainability,15.89,Chemical Engineering,USD,,,,
644,Sustainable Design Through Process Integration,10.99,Chemical Engineering,USD,,,,
645,General Chemistry for Engineers,9.99,Chemical Engineering,USD,,,,
646,Rules of Thumb for Chemical Engineers,14.59,Chemical Engineering,USD,,,,
647,Pulp and Paper Industry,14.99,Chemical Engineering,USD,,,,
648,Generalized van der Waals Theory of Molecular Fluids in Bulk and at Surfaces,12.59,Chemical Engineering,USD,,,,
649,Fuel Cells and Hydrogen,8.79,Chemical Engineering,USD,,,,
650,Reaction Rate Theory and Rare Events,9.89,Chemical Engineering,USD,,,,
651,Lead-Acid Batteries: Science and Technology,10.99,Chemical Engineering,USD,,,,
652,Artificial Photosynthesis,14.99,Chemical Engineering,USD,,,,
653,Monodispersed Particles,13.99,Chemical Engineering,USD,,,,
654,Advanced Industrial Lead-Acid Batteries,14.69,Chemical Engineering,USD,,,,
655,Pressurized Fluids for Food and Natural Products Processing,17.99,Chemical Engineering,USD,,,,
656,New and Future Developments in Microbial Biotechnology and Bioengineering,17.99,Chemical Engineering,USD,,,,
657,New and Future Developments in Microbial Biotechnology and Bioengineering,21.99,Chemical Engineering,USD,,,,
658,New and Future Developments in Microbial Biotechnology and Bioengineering,19.99,Chemical Engineering,USD,,,,
659,Nanolayer Research,23.99,Chemical Engineering,USD,,,,
660,Future Directions in Biocatalysis,29.99,Chemical Engineering,USD,,,,
661,Safety of Lithium Batteries,29.99,Chemical Engineering,USD,,,,
662,Experimental Methods and Instrumentation for Chemical Engineers,11.59,Chemical Engineering,USD,,,,
663,Algal Green Chemistry,15.99,Chemical Engineering,USD,,,,
664,Current Trends and Future Developments on (Bio-) Membranes,15.99,Chemical Engineering,USD,,,,
665,Methanol,13.99,Chemical Engineering,USD,,,,
666,Gibbs' Entropic Paradox and Problems of Separation Processes,19.99,Chemical Engineering,USD,,,,
667,ESCAPE 27 Set,13.99,Chemical Engineering,USD,,,,
668,Non-covalent Interactions in Organocatalysis,9.99,Chemical Engineering,USD,,,,
669,Bioreactor Modeling,4.99,Chemical Engineering,USD,,,,
670,Organocatalyzed Domino and Multicomponent Reactions,11.99,Chemical Engineering,USD,,,,
671,Recent Advances in Aminocatalyzed Cascade Reactions,19.99,Chemical Engineering,USD,,,,
672,SOMO and Photoredox Activations in Asymmetric Organocatalysis,4.94,Chemical Engineering,USD,,,,
673,Separation Science and Technology,6.59,Chemistry,USD,,,,
674,Transition Metal Catalyzed Isoquinoline Synthesis,18.99,Chemistry,USD,,,,
675,Fundamentals of Enviromental Chemistry,9.49,Chemistry,USD,,,,
676,Searching and Researching: An Autobiography,5.49,Chemistry,USD,,,,
677,Medicinal Chemistry,4.79,Chemistry,USD,,,,
678,The Chemistry of Radical Polymerization,14.99,Chemistry,USD,,,,
679,Validamycin and Its Derivatives,4.99,Chemistry,USD,,,,
680,Design of Hybrid Molecules for Drug Development,11.89,Chemistry,USD,,,,
681,The Chemistry of Heterocycles,27.59,Chemistry,USD,,,,
682,Progress in Heterocyclic Chemistry,4.79,Chemistry,USD,,,,
683,Medicinal Chemistry for Organic Chemists,8.99,Chemistry,USD,,,,
684,Physical Chemistry,6.79,Chemistry,USD,,,,
685,Electron Microscopy and Analysis,7.49,Chemistry,USD,,,,
686,Organosilicon Compounds,4.29,Chemistry,USD,,,,
687,Advanced Inorganic Chemistry,9.99,Chemistry,USD,,,,
688,Sampling and Analysis of Environmental Chemical Pollutants,23.99,Chemistry,USD,,,,
689,Future Role of Chemistry as Gleaned from Granted U.S. Chemical Patents,19.89,Chemistry,USD,,,,
690,NMR Case Studies,9.99,Chemistry,USD,,,,
691,Metal Complexes of Non-Innocent Ligands,4.49,Chemistry,USD,,,,
692,Patent Law Basics for Chemists and Research Professionals,15.99,Chemistry,USD,,,,
693,C-Furanosides,10.99,Chemistry,USD,,,,
694,Encapsulated Catalysts,7.89,Chemistry,USD,,,,
695,Modelling and Simulation in the Science of Micro- and Meso-Porous Materials,4.99,Chemistry,USD,,,,
696,Piperidine-based Drug Discovery,12.39,Chemistry,USD,,,,
697,Strategies for Palladium-Catalyzed Non-Directed and Directed C-H Bond Functionalization,8.39,Chemistry,USD,,,,
698,Liquid Chromatography,13.99,Chemistry,USD,,,,
699,Liquid Chromatography,23.99,Chemistry,USD,,,,
700,Separation Science and Proteomics,13.89,Chemistry,USD,,,,
701,Transition Metal-Catalyzed Indole Synthesis,13.89,Chemistry,USD,,,,
702,Water Extraction of Bioactive Compounds,27.99,Chemistry,USD,,,,
703,Handbook of Synthetic Organic Chemistry,19.59,Chemistry,USD,,,,
704,Making Drugs From Fragments,10.99,Chemistry,USD,,,,
705,Non-covalent Interactions in Quantum Chemistry and Physics,9.99,Chemistry,USD,,,,
706,"Electrons, Atoms, and Molecules in Inorganic Chemistry",7.99,Chemistry,USD,,,,
707,Frontiers and Advances in Molecular Spectroscopy,18.99,Chemistry,USD,,,,
708,Strategies and Tactics in Organic Synthesis,11.99,Chemistry,USD,,,,
709,Biological Chirality,6.45,Chemistry,USD,,,,
710,Introduction to Graphene,12.49,Chemistry,USD,,,,
711,Laboratory Methods in Microfluidics,11.99,Chemistry,USD,,,,
712,Molecular and Laser Spectroscopy,17.99,Chemistry,USD,,,,
713,Sample Introduction Systems in ICP-MS and ICP-OES,16.99,Chemistry,USD,,,,
714,Analysis of Cosmetic Products,5.69,Chemistry,USD,,,,
715,Priority Pollutants Monitoring in Water,11.99,Chemistry,USD,,,,
716,UV-Visible Spectrophotometry of Water and Wastewater,7.49,Chemistry,USD,,,,
717,Studies in Natural Products Chemistry,11.89,Chemistry,USD,,,,
718,Studies in Natural Products Chemistry,8.99,Chemistry,USD,,,,
719,Studies in Natural Products Chemistry,8.99,Chemistry,USD,,,,
720,Frontiers in Medicinal Chemistry,19.99,Chemistry,USD,,,,
721,Data Fusion for Intelligent Vehicles,5.09,Computer Science,USD,,,,
722,Big Data in Cyber-Physical Society,4.49,Computer Science,USD,,,,
723,Machine Learning,14.99,Computer Science,USD,,,,
724,Three-Dimensional Integrated Circuit Design,11.99,Computer Science,USD,,,,
725,Network Routing,8.79,Computer Science,USD,,,,
726,Understanding Virtual Reality,12.49,Computer Science,USD,,,,
727,Patterns for Data Parallel Programming,12.69,Computer Science,USD,,,,
728,Environment Modeling-based Requirements Engineering for Software Intensive Systems,6.89,Computer Science,USD,,,,
729,The Complete Business Process Handbook,13.79,Computer Science,USD,,,,
730,CUDA Programming,9.99,Computer Science,USD,,,,
731,The Complete Business Process Handbook,14.99,Computer Science,USD,,,,
732,Transfer Learning,9.99,Computer Science,USD,,,,
733,Theoretic Foundation of Predictive Data Analytics,8.99,Computer Science,USD,,,,
734,Computer and Information Security Handbook,14.59,Computer Science,USD,,,,
735,Embedded Computing for High Performance,7.99,Computer Science,USD,,,,
736,Adaptive Mobile Computing,13.99,Computer Science,USD,,,,
737,Research Methods for Cyber Security,7.49,Computer Science,USD,,,,
738,Research Methods in Human Computer Interaction,10.99,Computer Science,USD,,,,
739,Software Architecture for Big Data and the Cloud,19.89,Computer Science,USD,,,,
740,TopUML Modeling,9.89,Computer Science,USD,,,,
741,Mobile Cloud Computing,11.49,Computer Science,USD,,,,
742,Smart Sensors Networks,10.99,Computer Science,USD,,,,
743,Statistical Shape and Deformation Analysis,9.89,Computer Science,USD,,,,
744,Wireless Public Safety Networks 3,13.69,Computer Science,USD,,,,
745,Certifiable Software Applications 3,13.99,Computer Science,USD,,,,
746,Certifiable Software Applications 4,12.79,Computer Science,USD,,,,
747,ESD Protection Methodologies,6.99,Computer Science,USD,,,,
748,Flash Memory Integration,10.99,Computer Science,USD,,,,
749,B Method,6.99,Computer Science,USD,,,,
750,Adaptive Neural Networks and Robots Intelligent Control in Direct or Indirect Interaction with Humans,4.99,Computer Science,USD,,,,
751,Earth's Oldest Rocks,5.99,Earth and Planetary Sciences,USD,,,,
752,ISTE topics in Earth and Planetary Science 2,3.49,Earth and Planetary Sciences,USD,,,,
753,ISTE topics in Earth and Planetary Science 3,7.89,Earth and Planetary Sciences,USD,,,,
754,Infrared and Raman Spectroscopy of the Cationic Clay Minerals,11.59,Earth and Planetary Sciences,USD,,,,
755,Modern and Past Glacial Environments,5.49,Earth and Planetary Sciences,USD,,,,
756,Uncertainty Analysis in Earth and Environmental Science,4.99,Earth and Planetary Sciences,USD,,,,
757,Ore Dogs and Economic Geology,5.99,Earth and Planetary Sciences,USD,,,,
758,Progress in Rock Physics,8.49,Earth and Planetary Sciences,USD,,,,
759,Thermodynamics of Atmospheres and Oceans,9.99,Earth and Planetary Sciences,USD,,,,
760,Basic Principles of Induction Logging,9.99,Earth and Planetary Sciences,USD,,,,
761,Community Resilience,12.49,Earth and Planetary Sciences,USD,,,,
762,Spatiotemporal Random Fields,9.99,Earth and Planetary Sciences,USD,,,,
763,Terrestrial Depositional Systems,11.99,Earth and Planetary Sciences,USD,,,,
764,Statistical Modeling and Analysis,6.39,Earth and Planetary Sciences,USD,,,,
765,"Geological Belts, Plate Boundaries and Mineral Deposits in Myanmar",5.99,Earth and Planetary Sciences,USD,,,,
766,Photo Atlas of Mineral Pseudomorphism,6.39,Earth and Planetary Sciences,USD,,,,
767,Risk Modeling for Hazards and Disasters,7.69,Earth and Planetary Sciences,USD,,,,
768,Volatiles in the Martian Crust,3.59,Earth and Planetary Sciences,USD,,,,
769,Urban Planning for Disaster Recovery,6.99,Earth and Planetary Sciences,USD,,,,
770,Proterozoic Orogens of India,3.99,Earth and Planetary Sciences,USD,,,,
771,Data Assimilation for the Geosciences,6.99,Earth and Planetary Sciences,USD,,,,
772,"Handbook of Mineral Spectroscopy, Volume 1",3.49,Earth and Planetary Sciences,USD,,,,
773,Kappa Distributions,7.99,Earth and Planetary Sciences,USD,,,,
774,Bio-optical Modeling and Remote Sensing of Inland Waters,2.79,Earth and Planetary Sciences,USD,,,,
775,Soil Health and Intensification of Agroecosystems,2.59,Earth and Planetary Sciences,USD,,,,
776,Practical Solutions to Integrated Oil and Gas Reservoir Analysis,6.39,Earth and Planetary Sciences,USD,,,,
777,The Indian Ocean Nodule Field,5.69,Earth and Planetary Sciences,USD,,,,
778,Introduction to Satellite Remote Sensing,7.79,Earth and Planetary Sciences,USD,,,,
779,"Permo-Triassic Salt Provinces of Europe, North Africa and the Atlantic  Margins",5.99,Earth and Planetary Sciences,USD,,,,
780,Geographical Information Management in Polar Regions,3.89,Earth and Planetary Sciences,USD,,,,
781,Case Studies in Disaster Preparedness,5.49,Earth and Planetary Sciences,USD,,,,
782,Case Studies in Disaster Mitigation,5.69,Earth and Planetary Sciences,USD,,,,
783,Geoheritage,5.79,Earth and Planetary Sciences,USD,,,,
784,"Creating Katrina, Rebuilding Resilience",6.89,Earth and Planetary Sciences,USD,,,,
785,Map Interpretation for Structural Geologists,3.79,Earth and Planetary Sciences,USD,,,,
786,Coding and Decoding: Seismic Data,4.99,Earth and Planetary Sciences,USD,,,,
787,Processes and Ore Deposits of Ultramafic-Mafic Magmas through Space and Time,4.19,Earth and Planetary Sciences,USD,,,,
788,The Indian Nitrogen Assessment,9.99,Earth and Planetary Sciences,USD,,,,
789,Habitability of the Universe before Earth,4.89,Earth and Planetary Sciences,USD,,,,
790,Unconventional Petroleum Geology,9.89,Earth and Planetary Sciences,USD,,,,
791,New Zealand Landscape,18.89,Earth and Planetary Sciences,USD,,,,
792,Marine Geo-Hazards in China,19.79,Earth and Planetary Sciences,USD,,,,
793,Impacts and Insights of Gorkha Earthquake in Nepal,12.79,Earth and Planetary Sciences,USD,,,,
794,The Quaternary Ice Age in the Alps,9.99,Earth and Planetary Sciences,USD,,,,
795,Practical Prospect Evaluation,12.39,Earth and Planetary Sciences,USD,,,,
796,Interpretation of Micromorphological Features of Soils and Regoliths,13.49,Earth and Planetary Sciences,USD,,,,
797,Data Room Management and Rapid Asset Evaluation - Theory and Case Studies in Oil and Gas,9.99,Earth and Planetary Sciences,USD,,,,
798,Foundations of Geophysical Electromagnetic Theory and Methods,13.49,Earth and Planetary Sciences,USD,,,,
